camera_code,load_body_time,str2img_time,detection_time,img2str_time,create_message_time,send_time
v2,0.0009245872497558594,0.00538182258605957,0.06755399703979492,0.009088754653930664,0.0015110969543457031,0.0003921985626220703
v2,0.0009746551513671875,0.005438089370727539,0.05011153221130371,0.008910179138183594,0.001302480697631836,0.0006611347198486328
v2,0.0009472370147705078,0.006124019622802734,0.1956801414489746,0.01023411750793457,0.0014941692352294922,0.0004367828369140625
v2,0.0010941028594970703,0.005782365798950195,0.11371207237243652,0.009725570678710938,0.0014088153839111328,0.0008034706115722656
v2,0.0011374950408935547,0.006997108459472656,0.061489105224609375,0.00969076156616211,0.0014390945434570312,0.0007653236389160156
v2,0.0009746551513671875,0.005849599838256836,0.10399341583251953,0.009974002838134766,0.001428365707397461,0.00039839744567871094
v2,0.0009202957153320312,0.006126880645751953,0.12487220764160156,0.010290145874023438,0.0015201568603515625,0.0006873607635498047
v2,0.0008816719055175781,0.005659341812133789,0.05525660514831543,0.009035348892211914,0.0013806819915771484,0.0003840923309326172
v2,0.0008563995361328125,0.005658626556396484,0.06476974487304688,0.009120464324951172,0.0013589859008789062,0.0005171298980712891
v2,0.000942230224609375,0.005773305892944336,0.12848472595214844,0.009143352508544922,0.0014028549194335938,0.00036787986755371094
v2,0.0006721019744873047,0.004898786544799805,0.10645794868469238,0.008101701736450195,0.001123189926147461,0.0005273818969726562
v2,0.0006196498870849609,0.004529714584350586,0.10904073715209961,0.007536888122558594,0.0009777545928955078,0.0003228187561035156
v2,0.0007517337799072266,0.0054988861083984375,0.18986725807189941,0.008888483047485352,0.0011627674102783203,0.0008935928344726562
v2,0.0006461143493652344,0.0047643184661865234,0.11931514739990234,0.007769107818603516,0.0009920597076416016,0.0003578662872314453
v2,0.0007593631744384766,0.0053102970123291016,0.12027835845947266,0.008879423141479492,0.0012156963348388672,0.00039196014404296875
v2,0.0007674694061279297,0.005316257476806641,0.05870795249938965,0.00897526741027832,0.0011930465698242188,0.00040411949157714844
v2,0.0007395744323730469,0.005417823791503906,0.12263917922973633,0.00858926773071289,0.0011603832244873047,0.0004074573516845703
v2,0.000728607177734375,0.005193471908569336,0.12287259101867676,0.008673906326293945,0.0011515617370605469,0.0003781318664550781
v2,0.0007925033569335938,0.0052204132080078125,0.11257791519165039,0.008983850479125977,0.001163482666015625,0.0007059574127197266
v2,0.0007319450378417969,0.0052645206451416016,0.11490488052368164,0.009053230285644531,0.0012202262878417969,0.0003991127014160156
v2,0.0006945133209228516,0.005216836929321289,0.17502450942993164,0.008849143981933594,0.0011587142944335938,0.00039696693420410156
v2,0.0007283687591552734,0.005252361297607422,0.11166238784790039,0.008903026580810547,0.0012328624725341797,0.00039577484130859375
v2,0.0007274150848388672,0.005243539810180664,0.13800382614135742,0.008745670318603516,0.001123666763305664,0.0003771781921386719
v2,0.0009129047393798828,0.006532430648803711,0.2232518196105957,0.010841131210327148,0.0014204978942871094,0.00044345855712890625
v2,0.0009152889251708984,0.006524801254272461,0.11829710006713867,0.008627891540527344,0.0011453628540039062,0.000377655029296875
v2,0.0007269382476806641,0.005192995071411133,0.10929584503173828,0.008626937866210938,0.0011358261108398438,0.00038623809814453125
v2,0.0007331371307373047,0.005296468734741211,0.13036108016967773,0.008639097213745117,0.0011339187622070312,0.00037169456481933594
v2,0.0007355213165283203,0.005326032638549805,0.12227559089660645,0.008703231811523438,0.0011627674102783203,0.0007748603820800781
v2,0.0008637905120849609,0.00539088249206543,0.1248311996459961,0.008796215057373047,0.0011470317840576172,0.0003943443298339844
v2,0.0007381439208984375,0.0054552555084228516,0.16344809532165527,0.008669376373291016,0.0011413097381591797,0.0007107257843017578
v2,0.0007736682891845703,0.0051767826080322266,0.05867767333984375,0.008446693420410156,0.0011098384857177734,0.0007643699645996094
v2,0.0007550716400146484,0.005169391632080078,0.1694643497467041,0.00859975814819336,0.0011706352233886719,0.00043702125549316406
v2,0.0007853507995605469,0.005175590515136719,0.11337733268737793,0.008636474609375,0.0011374950408935547,0.0003762245178222656
v2,0.0007333755493164062,0.005373477935791016,0.05832505226135254,0.00856781005859375,0.001302480697631836,0.00040650367736816406
v2,0.0007340908050537109,0.005180835723876953,0.11112260818481445,0.008590459823608398,0.001142740249633789,0.0004749298095703125
v2,0.0007383823394775391,0.005280256271362305,0.05595517158508301,0.008565425872802734,0.0011379718780517578,0.0003685951232910156
v2,0.0007350444793701172,0.005190610885620117,0.055521488189697266,0.008624076843261719,0.0011487007141113281,0.00038504600524902344
v2,0.0007357597351074219,0.005327939987182617,0.11793160438537598,0.020143747329711914,0.002460002899169922,0.0006549358367919922
v2,0.0009562969207763672,0.00578761100769043,0.1127021312713623,0.0095977783203125,0.0015323162078857422,0.00041413307189941406
v2,0.001001119613647461,0.0055544376373291016,0.11240696907043457,0.009391307830810547,0.001415252685546875,0.00039696693420410156
v2,0.0009775161743164062,0.005742549896240234,0.06234145164489746,0.009210348129272461,0.0014710426330566406,0.0003783702850341797
v2,0.0009722709655761719,0.0055997371673583984,0.06519055366516113,0.009949207305908203,0.0014603137969970703,0.0008101463317871094
v2,0.000988006591796875,0.005948543548583984,0.060239315032958984,0.009505987167358398,0.0014450550079345703,0.0004916191101074219
v2,0.0009903907775878906,0.0060901641845703125,0.1009976863861084,0.009744644165039062,0.0014286041259765625,0.00041031837463378906
v2,0.0009768009185791016,0.005582571029663086,0.06683850288391113,0.009665250778198242,0.0014238357543945312,0.0003581047058105469
v2,0.0009737014770507812,0.005669116973876953,0.058812856674194336,0.009802579879760742,0.0015630722045898438,0.0003845691680908203
v2,0.0009191036224365234,0.0055217742919921875,0.05164813995361328,0.009960412979125977,0.0014259815216064453,0.0007090568542480469
v2,0.0009465217590332031,0.005911827087402344,0.11723113059997559,0.010239124298095703,0.0015556812286376953,0.0009098052978515625
v2,0.0011057853698730469,0.005578517913818359,0.11353063583374023,0.009415626525878906,0.001459360122680664,0.0004639625549316406
v2,0.0007679462432861328,0.005184650421142578,0.12101507186889648,0.008985519409179688,0.0012059211730957031,0.00038552284240722656
v2,0.0009691715240478516,0.005681514739990234,0.11284947395324707,0.00907135009765625,0.0013813972473144531,0.000843048095703125
v2,0.0009126663208007812,0.006170511245727539,0.11666727066040039,0.009585857391357422,0.0014162063598632812,0.0003769397735595703
v2,0.0009179115295410156,0.005675792694091797,0.05819106101989746,0.009819746017456055,0.0014166831970214844,0.00037932395935058594
v2,0.000965118408203125,0.005963325500488281,0.12688326835632324,0.009981393814086914,0.0015087127685546875,0.0004119873046875
v2,0.0009226799011230469,0.005949735641479492,0.11464810371398926,0.009170293807983398,0.001390218734741211,0.0003745555877685547
v2,0.0009307861328125,0.005732059478759766,0.11869335174560547,0.010227203369140625,0.001386880874633789,0.00039649009704589844
v2,0.0009326934814453125,0.005658388137817383,0.1207282543182373,0.009846210479736328,0.00147247314453125,0.0004086494445800781
v2,0.0009326934814453125,0.005870819091796875,0.10910749435424805,0.0092315673828125,0.0014019012451171875,0.0003933906555175781
v2,0.0009200572967529297,0.005793333053588867,0.11017584800720215,0.009306192398071289,0.0014352798461914062,0.00037980079650878906
v2,0.00092315673828125,0.00571751594543457,0.05260729789733887,0.009395599365234375,0.0014438629150390625,0.0007550716400146484
v2,0.0009183883666992188,0.005793094635009766,0.05852007865905762,0.009275197982788086,0.0014066696166992188,0.0003941059112548828
v2,0.0010557174682617188,0.006237983703613281,0.10931515693664551,0.010552406311035156,0.0016083717346191406,0.0004343986511230469
v2,0.0010077953338623047,0.00624537467956543,0.12816977500915527,0.01023101806640625,0.0015306472778320312,0.00040435791015625
v2,0.0010149478912353516,0.006145477294921875,0.13091492652893066,0.013122320175170898,0.002003192901611328,0.0005197525024414062
v2,0.0013053417205810547,0.007838010787963867,0.08975958824157715,0.013321876525878906,0.0020253658294677734,0.0004994869232177734
v2,0.0013034343719482422,0.007869720458984375,0.06908082962036133,0.01340031623840332,0.0020265579223632812,0.0004947185516357422
v2,0.0010559558868408203,0.0062143802642822266,0.10910391807556152,0.010420560836791992,0.0016133785247802734,0.0004208087921142578
v2,0.0010323524475097656,0.006250858306884766,0.11300516128540039,0.010545969009399414,0.001634359359741211,0.00042176246643066406
v2,0.0010528564453125,0.006367921829223633,0.1647348403930664,0.010558843612670898,0.0016274452209472656,0.00041484832763671875
v2,0.0010139942169189453,0.00621342658996582,0.1097557544708252,0.010452508926391602,0.0015745162963867188,0.0004134178161621094
v2,0.0009720325469970703,0.0054264068603515625,0.11384367942810059,0.009436845779418945,0.001369476318359375,0.00041031837463378906
v2,0.0009424686431884766,0.005446434020996094,0.10850048065185547,0.009121894836425781,0.0014278888702392578,0.0004112720489501953
v2,0.0009214878082275391,0.006097078323364258,0.05966949462890625,0.009441614151000977,0.0014414787292480469,0.0004222393035888672
v2,0.0010902881622314453,0.00617527961730957,0.06242990493774414,0.009753227233886719,0.0014274120330810547,0.00041937828063964844
v2,0.000978231430053711,0.0060863494873046875,0.10908794403076172,0.009185314178466797,0.001430511474609375,0.0006864070892333984
v2,0.0009105205535888672,0.005410909652709961,0.16072344779968262,0.009025812149047852,0.0015645027160644531,0.00044155120849609375
v2,0.0009500980377197266,0.00574803352355957,0.057149410247802734,0.009134054183959961,0.0013470649719238281,0.0004353523254394531
v2,0.0009024143218994141,0.005769491195678711,0.05356860160827637,0.00962376594543457,0.0015833377838134766,0.0005960464477539062
v2,0.0011475086212158203,0.006882429122924805,0.11815309524536133,0.009049415588378906,0.0013430118560791016,0.0004563331604003906
v2,0.0008950233459472656,0.005482673645019531,0.12054729461669922,0.00926518440246582,0.0013544559478759766,0.0003876686096191406
v2,0.0009703636169433594,0.005681514739990234,0.0627892017364502,0.009739398956298828,0.0014400482177734375,0.0004124641418457031
v2,0.0009717941284179688,0.005594491958618164,0.12920641899108887,0.01003885269165039,0.0014619827270507812,0.0005354881286621094
v2,0.0009691715240478516,0.005939483642578125,0.07271790504455566,0.010560274124145508,0.0015518665313720703,0.0004904270172119141
v2,0.0009162425994873047,0.005409955978393555,0.12354612350463867,0.010173559188842773,0.0013384819030761719,0.00043964385986328125
v2,0.0010914802551269531,0.006161928176879883,0.1858060359954834,0.009505271911621094,0.0014417171478271484,0.0004229545593261719
v2,0.0010106563568115234,0.006226539611816406,0.16820406913757324,0.010598182678222656,0.00159454345703125,0.0004405975341796875
v2,0.001077413558959961,0.0065004825592041016,0.11824798583984375,0.011014223098754883,0.001664876937866211,0.0005314350128173828
v2,0.0011639595031738281,0.00661015510559082,0.1332552433013916,0.011855363845825195,0.0017135143280029297,0.0004889965057373047
tablet,0.0006139278411865234,0.003793478012084961,0.10374593734741211,0.0067615509033203125,0.0009610652923583984,0.0003516674041748047
tablet,0.0006344318389892578,0.003892183303833008,0.05983757972717285,0.006440401077270508,0.000997781753540039,0.00037288665771484375
tablet,0.0007181167602539062,0.003794431686401367,0.10414910316467285,0.006242036819458008,0.0009331703186035156,0.0003521442413330078
tablet,0.0005702972412109375,0.0036423206329345703,0.1047670841217041,0.006033897399902344,0.0008919239044189453,0.00035953521728515625
tablet,0.0005452632904052734,0.0035529136657714844,0.10461950302124023,0.005879402160644531,0.0008616447448730469,0.00033545494079589844
tablet,0.0005307197570800781,0.0034732818603515625,0.17344331741333008,0.005820035934448242,0.0008873939514160156,0.00040435791015625
tablet,0.0005578994750976562,0.0035696029663085938,0.055130958557128906,0.005812406539916992,0.0008478164672851562,0.00033164024353027344
tablet,0.0005862712860107422,0.0035696029663085938,0.05738472938537598,0.005899667739868164,0.0008549690246582031,0.00033593177795410156
tablet,0.0006213188171386719,0.003637075424194336,0.055945396423339844,0.0060575008392333984,0.0008835792541503906,0.00047278404235839844
tablet,0.0005407333374023438,0.003623485565185547,0.11178731918334961,0.005928516387939453,0.0008692741394042969,0.0003314018249511719
tablet,0.0005869865417480469,0.00370025634765625,0.055880069732666016,0.006079196929931641,0.0008649826049804688,0.0003428459167480469
tablet,0.0005698204040527344,0.004861593246459961,0.11350131034851074,0.00813913345336914,0.0009596347808837891,0.0003654956817626953
tablet,0.0008504390716552734,0.006576061248779297,0.05902981758117676,0.009059667587280273,0.0011067390441894531,0.0003647804260253906
tablet,0.0007879734039306641,0.005937337875366211,0.12246870994567871,0.009676218032836914,0.0011773109436035156,0.00038695335388183594
tablet,0.000804901123046875,0.006217002868652344,0.058074235916137695,0.009825944900512695,0.0012392997741699219,0.0003991127014160156
tablet,0.0013093948364257812,0.009795427322387695,0.06090545654296875,0.009171724319458008,0.0010993480682373047,0.0005640983581542969
tablet,0.001264333724975586,0.008115768432617188,0.05824112892150879,0.009349346160888672,0.0011692047119140625,0.0003635883331298828
tablet,0.0013284683227539062,0.009721755981445312,0.06063246726989746,0.00959920883178711,0.00124359130859375,0.00038504600524902344
tablet,0.0008995532989501953,0.006605863571166992,0.10271096229553223,0.010416507720947266,0.0012238025665283203,0.00042510032653808594
tablet,0.0013301372528076172,0.00969386100769043,0.057497262954711914,0.009924173355102539,0.001312255859375,0.00038433074951171875
tablet,0.0008492469787597656,0.006249189376831055,0.05373859405517578,0.010157346725463867,0.001352071762084961,0.0003871917724609375
tablet,0.0008873939514160156,0.006407260894775391,0.050638675689697266,0.010701417922973633,0.0016927719116210938,0.0004620552062988281
tablet,0.0013949871063232422,0.008814573287963867,0.10956573486328125,0.011181831359863281,0.001354217529296875,0.0005984306335449219
tablet,0.0009543895721435547,0.0064697265625,0.05571866035461426,0.010670661926269531,0.0013613700866699219,0.0003876686096191406
tablet,0.0014002323150634766,0.008709430694580078,0.05829620361328125,0.010588884353637695,0.0013921260833740234,0.0007407665252685547
tablet,0.0012662410736083984,0.008636474609375,0.05578875541687012,0.011052131652832031,0.0014123916625976562,0.00041103363037109375
tablet,0.0010404586791992188,0.006463050842285156,0.11470460891723633,0.011160612106323242,0.0014743804931640625,0.00045490264892578125
tablet,0.0010538101196289062,0.006342887878417969,0.05215048789978027,0.010990619659423828,0.001390695571899414,0.0004470348358154297
tablet,0.0011241436004638672,0.0066983699798583984,0.05730628967285156,0.01060175895690918,0.0013937950134277344,0.0003628730773925781
tablet,0.0014104843139648438,0.008580446243286133,0.05862784385681152,0.010976791381835938,0.001500844955444336,0.0004253387451171875
tablet,0.0015654563903808594,0.010309457778930664,0.06125664710998535,0.011265993118286133,0.0014140605926513672,0.0003781318664550781
tablet,0.0010771751403808594,0.00672149658203125,0.10727381706237793,0.011203527450561523,0.0014438629150390625,0.0004894733428955078
tablet,0.0011167526245117188,0.006918907165527344,0.05439305305480957,0.011411428451538086,0.0014584064483642578,0.00039505958557128906
tablet,0.0010423660278320312,0.006844997406005859,0.05584359169006348,0.011240959167480469,0.001508951187133789,0.0005283355712890625
tablet,0.0015132427215576172,0.009205818176269531,0.06270217895507812,0.01079702377319336,0.0014808177947998047,0.0004076957702636719
tablet,0.0010833740234375,0.006749153137207031,0.10529136657714844,0.010979890823364258,0.0014967918395996094,0.0004124641418457031
tablet,0.0014452934265136719,0.00973200798034668,0.06994891166687012,0.011362314224243164,0.0016961097717285156,0.0004303455352783203
tablet,0.0011179447174072266,0.007464408874511719,0.056108951568603516,0.011154890060424805,0.0015053749084472656,0.00041556358337402344
tablet,0.0010797977447509766,0.0071256160736083984,0.05426931381225586,0.011009693145751953,0.0014543533325195312,0.0003819465637207031
tablet,0.0010297298431396484,0.006773710250854492,0.05472421646118164,0.01122426986694336,0.0014929771423339844,0.0007274150848388672
tablet,0.0016281604766845703,0.00909876823425293,0.10824203491210938,0.01113128662109375,0.001565694808959961,0.0004334449768066406
tablet,0.0010614395141601562,0.006972551345825195,0.05318903923034668,0.01112675666809082,0.0014712810516357422,0.00040459632873535156
tablet,0.0012362003326416016,0.008166074752807617,0.054358482360839844,0.01150202751159668,0.0015366077423095703,0.00045943260192871094
tablet,0.0010328292846679688,0.0068416595458984375,0.05307316780090332,0.011406183242797852,0.001512765884399414,0.00043582916259765625
tablet,0.0013842582702636719,0.008470535278320312,0.11054205894470215,0.01202249526977539,0.0015227794647216797,0.00047588348388671875
tablet,0.0009672641754150391,0.007374286651611328,0.05876946449279785,0.011671781539916992,0.0015413761138916016,0.0008699893951416016
tablet,0.0014736652374267578,0.008625507354736328,0.054924964904785156,0.011482000350952148,0.001524209976196289,0.00046062469482421875
tablet,0.0010030269622802734,0.006655693054199219,0.05064821243286133,0.011473894119262695,0.0014929771423339844,0.0004372596740722656
tablet,0.0010249614715576172,0.00658869743347168,0.10742330551147461,0.011386394500732422,0.0016083717346191406,0.0004601478576660156
tablet,0.0012636184692382812,0.00827932357788086,0.056619882583618164,0.01156759262084961,0.0015344619750976562,0.0004165172576904297
tablet,0.0011374950408935547,0.006808042526245117,0.05302906036376953,0.011604547500610352,0.0015342235565185547,0.0004343986511230469
tablet,0.0014567375183105469,0.0074045658111572266,0.05184340476989746,0.011603116989135742,0.0015056133270263672,0.0007193088531494141
tablet,0.001220703125,0.0075681209564208984,0.10698604583740234,0.011367082595825195,0.0015091896057128906,0.00047469139099121094
tablet,0.0010790824890136719,0.007274627685546875,0.051552772521972656,0.011931180953979492,0.0015647411346435547,0.0004992485046386719
tablet,0.0014500617980957031,0.008713483810424805,0.05830574035644531,0.011473894119262695,0.001543283462524414,0.00043773651123046875
tablet,0.0011868476867675781,0.007727861404418945,0.052867889404296875,0.011593103408813477,0.0018048286437988281,0.0006430149078369141
tablet,0.0014567375183105469,0.008777856826782227,0.05452609062194824,0.01157832145690918,0.0015246868133544922,0.0004589557647705078
tablet,0.0010654926300048828,0.006886959075927734,0.10587620735168457,0.011423587799072266,0.001566171646118164,0.0004601478576660156
tablet,0.0011518001556396484,0.0075261592864990234,0.050118207931518555,0.011967182159423828,0.0015292167663574219,0.0004241466522216797
tablet,0.0016562938690185547,0.01080942153930664,0.06330037117004395,0.01151275634765625,0.0015304088592529297,0.0008168220520019531
tablet,0.0010166168212890625,0.006814002990722656,0.05113387107849121,0.011912107467651367,0.001598358154296875,0.00047016143798828125
tablet,0.001506805419921875,0.008914470672607422,0.1057281494140625,0.011762380599975586,0.0015883445739746094,0.0004837512969970703
tablet,0.0010783672332763672,0.007408618927001953,0.05185103416442871,0.012023448944091797,0.0015513896942138672,0.0006482601165771484
tablet,0.0010223388671875,0.007147312164306641,0.052335262298583984,0.011783361434936523,0.001552581787109375,0.0008335113525390625
tablet,0.001544952392578125,0.009946107864379883,0.05793023109436035,0.011905908584594727,0.001598358154296875,0.00046324729919433594
tablet,0.0017096996307373047,0.010968208312988281,0.1132352352142334,0.01153111457824707,0.0015795230865478516,0.0006470680236816406
tablet,0.0010759830474853516,0.007020473480224609,0.05196428298950195,0.011728763580322266,0.0016200542449951172,0.0005128383636474609
tablet,0.0012536048889160156,0.00791621208190918,0.051415205001831055,0.01203608512878418,0.0023071765899658203,0.0005853176116943359
tablet,0.0011904239654541016,0.007829904556274414,0.057385921478271484,0.012283802032470703,0.001646280288696289,0.00048828125
tablet,0.001308441162109375,0.008496999740600586,0.05473136901855469,0.011905670166015625,0.0016596317291259766,0.0004475116729736328
tablet,0.0014538764953613281,0.008224010467529297,0.10381889343261719,0.012166500091552734,0.001680135726928711,0.0005321502685546875
tablet,0.0010960102081298828,0.0077381134033203125,0.056915283203125,0.011934757232666016,0.0017695426940917969,0.0005910396575927734
tablet,0.001306295394897461,0.0075531005859375,0.05510854721069336,0.012351036071777344,0.0016453266143798828,0.00045680999755859375
tablet,0.0011403560638427734,0.00739288330078125,0.0518033504486084,0.011750459671020508,0.0016317367553710938,0.00070953369140625
tablet,0.0012595653533935547,0.007307767868041992,0.1090095043182373,0.011719703674316406,0.0016067028045654297,0.0005700588226318359
tablet,0.0013887882232666016,0.007371187210083008,0.05254387855529785,0.011804342269897461,0.0016083717346191406,0.0004143714904785156
tablet,0.0010538101196289062,0.0073277950286865234,0.05103874206542969,0.011714696884155273,0.0016028881072998047,0.00046324729919433594
tablet,0.0011150836944580078,0.007177114486694336,0.0510869026184082,0.012482404708862305,0.0016162395477294922,0.0005464553833007812
tablet,0.0016183853149414062,0.008943796157836914,0.052147626876831055,0.01295781135559082,0.0016570091247558594,0.00047659873962402344
tablet,0.0018532276153564453,0.011974096298217773,0.1268765926361084,0.011801719665527344,0.0016248226165771484,0.0004913806915283203
tablet,0.0011324882507324219,0.00702214241027832,0.06228446960449219,0.011698722839355469,0.0016226768493652344,0.00040435791015625
tablet,0.001495361328125,0.008731603622436523,0.055487632751464844,0.012172222137451172,0.0016336441040039062,0.00046324729919433594
tablet,0.0016741752624511719,0.010466575622558594,0.05348992347717285,0.01339101791381836,0.0024187564849853516,0.0006318092346191406
tablet,0.001081705093383789,0.007369279861450195,0.10599422454833984,0.01220560073852539,0.0016412734985351562,0.00047516822814941406
tablet,0.0011243820190429688,0.007157325744628906,0.05380511283874512,0.012335777282714844,0.001688241958618164,0.0007295608520507812
tablet,0.0016126632690429688,0.009217977523803711,0.050594329833984375,0.012574911117553711,0.0016493797302246094,0.0005173683166503906
tablet,0.0011620521545410156,0.0071277618408203125,0.05739164352416992,0.013046026229858398,0.001730203628540039,0.0003910064697265625
tablet,0.001497030258178711,0.00827646255493164,0.10477161407470703,0.012230396270751953,0.001722097396850586,0.0004801750183105469
tablet,0.0010840892791748047,0.00716710090637207,0.05067801475524902,0.01196742057800293,0.0017974376678466797,0.0004673004150390625
tablet,0.0012753009796142578,0.007662773132324219,0.05546379089355469,0.012399673461914062,0.0017483234405517578,0.0004074573516845703
tablet,0.001829385757446289,0.01167154312133789,0.06051492691040039,0.011970043182373047,0.0017235279083251953,0.0004527568817138672
tablet,0.001992464065551758,0.012542486190795898,0.10775423049926758,0.020969152450561523,0.0029287338256835938,0.0006020069122314453
tablet,0.002435445785522461,0.013512372970581055,0.11505699157714844,0.021184921264648438,0.0031206607818603516,0.0007202625274658203
tablet,0.001850128173828125,0.012405872344970703,0.05229902267456055,0.021355152130126953,0.003081798553466797,0.0006377696990966797
tablet,0.0019927024841308594,0.012798786163330078,0.05288958549499512,0.021478891372680664,0.0030052661895751953,0.0007472038269042969
tablet,0.0020723342895507812,0.012494564056396484,0.052877187728881836,0.021286964416503906,0.0029325485229492188,0.0013017654418945312
tablet,0.0019497871398925781,0.012372493743896484,0.05370330810546875,0.023827791213989258,0.0038712024688720703,0.0012543201446533203
tablet,0.0019268989562988281,0.012302160263061523,0.10891056060791016,0.02124166488647461,0.0029723644256591797,0.0010311603546142578
tablet,0.002134561538696289,0.013614416122436523,0.05672717094421387,0.021433115005493164,0.0030035972595214844,0.0008146762847900391
tablet,0.0018985271453857422,0.012218952178955078,0.053399085998535156,0.021171092987060547,0.002840280532836914,0.0017256736755371094
tablet,0.0018367767333984375,0.012747049331665039,0.05418729782104492,0.021546363830566406,0.003068208694458008,0.0006229877471923828
tablet,0.0020258426666259766,0.012542009353637695,0.11078977584838867,0.0218658447265625,0.002995729446411133,0.0006105899810791016
tablet,0.0018720626831054688,0.013396501541137695,0.05875515937805176,0.021739482879638672,0.0029332637786865234,0.0006530284881591797
tablet,0.0019273757934570312,0.01260995864868164,0.05709552764892578,0.02118682861328125,0.002933025360107422,0.0005867481231689453
tablet,0.0019681453704833984,0.012845516204833984,0.05643796920776367,0.021391868591308594,0.003067493438720703,0.0008335113525390625
tablet,0.0021021366119384766,0.013016939163208008,0.10660386085510254,0.022172927856445312,0.0031065940856933594,0.0007615089416503906
tablet,0.0023987293243408203,0.013977289199829102,0.0632636547088623,0.021819114685058594,0.0030107498168945312,0.0005931854248046875
tablet,0.0025489330291748047,0.013775110244750977,0.06151008605957031,0.02187490463256836,0.0033435821533203125,0.0008111000061035156
tablet,0.002176523208618164,0.012884140014648438,0.062265872955322266,0.021971464157104492,0.0030164718627929688,0.0006117820739746094
tablet,0.0019192695617675781,0.012657880783081055,0.10602188110351562,0.021948814392089844,0.0032923221588134766,0.0006785392761230469
tablet,0.0020303726196289062,0.012825727462768555,0.07071661949157715,0.021368741989135742,0.002968311309814453,0.0005855560302734375
tablet,0.002124786376953125,0.012551069259643555,0.06035876274108887,0.022106170654296875,0.0030295848846435547,0.0007457733154296875
tablet,0.001870870590209961,0.012981653213500977,0.05693507194519043,0.021579504013061523,0.003121614456176758,0.0007128715515136719
tablet,0.001974344253540039,0.013002634048461914,0.06179928779602051,0.021300792694091797,0.0029664039611816406,0.0005786418914794922
tablet,0.002285480499267578,0.012944459915161133,0.10885286331176758,0.022282123565673828,0.003156900405883789,0.0009810924530029297
tablet,0.0019800662994384766,0.012152433395385742,0.053310394287109375,0.020792245864868164,0.002900362014770508,0.00115203857421875
tablet,0.0018756389617919922,0.012832164764404297,0.054927825927734375,0.02152562141418457,0.0029175281524658203,0.0005881786346435547
tablet,0.0019180774688720703,0.012430667877197266,0.05409741401672363,0.0212709903717041,0.002927064895629883,0.0005605220794677734
tablet,0.0020732879638671875,0.012320280075073242,0.10799932479858398,0.020776987075805664,0.0029375553131103516,0.0005776882171630859
tablet,0.0019321441650390625,0.012486696243286133,0.05374789237976074,0.021134376525878906,0.0029761791229248047,0.0005900859832763672
tablet,0.0020177364349365234,0.012316703796386719,0.05342435836791992,0.021442890167236328,0.003006458282470703,0.0006136894226074219
tablet,0.0019130706787109375,0.012180566787719727,0.053072452545166016,0.02092432975769043,0.002780914306640625,0.0005648136138916016
tablet,0.001985311508178711,0.012447595596313477,0.10813760757446289,0.020676136016845703,0.0028972625732421875,0.0005819797515869141
tablet,0.0018792152404785156,0.012263774871826172,0.05286598205566406,0.021387338638305664,0.0029239654541015625,0.0005781650543212891
tablet,0.0020363330841064453,0.012214899063110352,0.05271434783935547,0.021488666534423828,0.002901315689086914,0.0010554790496826172
tablet,0.0019452571868896484,0.012476921081542969,0.05302000045776367,0.021244049072265625,0.0029625892639160156,0.0005929470062255859
tablet,0.001936197280883789,0.012173652648925781,0.05218195915222168,0.021039724349975586,0.002915620803833008,0.0005741119384765625
tablet,0.0018315315246582031,0.012890100479125977,0.10902905464172363,0.022328853607177734,0.0029251575469970703,0.0006074905395507812
tablet,0.0019466876983642578,0.014111042022705078,0.05642819404602051,0.02084946632385254,0.0028328895568847656,0.0005588531494140625
tablet,0.0019228458404541016,0.01263117790222168,0.05469036102294922,0.020795345306396484,0.0028536319732666016,0.0005943775177001953
tablet,0.0019757747650146484,0.013136625289916992,0.052411794662475586,0.021309614181518555,0.0028357505798339844,0.0006132125854492188
tablet,0.002062082290649414,0.012497901916503906,0.10371804237365723,0.02081918716430664,0.0030546188354492188,0.0014262199401855469
tablet,0.0018894672393798828,0.013680696487426758,0.05594801902770996,0.021966218948364258,0.0029213428497314453,0.0005857944488525391
tablet,0.0022101402282714844,0.012890338897705078,0.05835413932800293,0.02105545997619629,0.002899646759033203,0.0005931854248046875
tablet,0.0020380020141601562,0.012798547744750977,0.0553591251373291,0.021401166915893555,0.002996683120727539,0.0005824565887451172
tablet,0.0018978118896484375,0.012363672256469727,0.05255532264709473,0.021198034286499023,0.003015756607055664,0.0006239414215087891
tablet,0.0018894672393798828,0.012529611587524414,0.10539722442626953,0.021973371505737305,0.0031096935272216797,0.0008063316345214844
tablet,0.001828908920288086,0.012551307678222656,0.05459856986999512,0.02112126350402832,0.0029311180114746094,0.000579833984375
tablet,0.0019102096557617188,0.013053417205810547,0.05344796180725098,0.020755767822265625,0.002951383590698242,0.0005877017974853516
tablet,0.0018894672393798828,0.012241601943969727,0.05416750907897949,0.02113819122314453,0.0029706954956054688,0.0005700588226318359
tablet,0.0019199848175048828,0.013000011444091797,0.10450625419616699,0.020890474319458008,0.0028319358825683594,0.0005669593811035156
tablet,0.0020122528076171875,0.012124300003051758,0.05249905586242676,0.021098613739013672,0.0028884410858154297,0.0005676746368408203
tablet,0.002165079116821289,0.01244664192199707,0.05288338661193848,0.020841360092163086,0.0029523372650146484,0.0005731582641601562
tablet,0.0022020339965820312,0.012466669082641602,0.05583071708679199,0.021378517150878906,0.0028603076934814453,0.0005996227264404297
tablet,0.0023636817932128906,0.013992071151733398,0.12064099311828613,0.023656368255615234,0.0034856796264648438,0.002069234848022461
tablet,0.0021660327911376953,0.013151884078979492,0.05793023109436035,0.02141857147216797,0.0029871463775634766,0.0005846023559570312
tablet,0.0021185874938964844,0.012308835983276367,0.05397200584411621,0.021396160125732422,0.0030090808868408203,0.0005970001220703125
tablet,0.002133607864379883,0.012696266174316406,0.06010246276855469,0.022173404693603516,0.0030965805053710938,0.0006515979766845703
tablet,0.0023272037506103516,0.013080835342407227,0.12105727195739746,0.02152729034423828,0.003027200698852539,0.0006973743438720703
tablet,0.0022830963134765625,0.012801885604858398,0.0581052303314209,0.02179884910583496,0.003027200698852539,0.0006337165832519531
tablet,0.0022161006927490234,0.012743711471557617,0.0601506233215332,0.022475242614746094,0.0030646324157714844,0.0006971359252929688
tablet,0.0019347667694091797,0.012741804122924805,0.0571293830871582,0.021795988082885742,0.002985239028930664,0.0006232261657714844
tablet,0.002148151397705078,0.013066530227661133,0.05785226821899414,0.021904468536376953,0.00298309326171875,0.0006299018859863281
tablet,0.001985788345336914,0.013180732727050781,0.12061166763305664,0.021805763244628906,0.002864837646484375,0.0005865097045898438
tablet,0.0018575191497802734,0.012618303298950195,0.06504678726196289,0.022223234176635742,0.002997875213623047,0.0005991458892822266
tablet,0.002001047134399414,0.012781143188476562,0.05897784233093262,0.022189855575561523,0.0030095577239990234,0.0006563663482666016
tablet,0.0019316673278808594,0.012911558151245117,0.05368161201477051,0.021924495697021484,0.0029532909393310547,0.0005717277526855469
tablet,0.0018911361694335938,0.012374401092529297,0.11188507080078125,0.02150702476501465,0.0028841495513916016,0.0006213188171386719
tablet,0.0019655227661132812,0.014296770095825195,0.06169438362121582,0.021518468856811523,0.002866983413696289,0.0006010532379150391
tablet,0.002270936965942383,0.012793779373168945,0.06019473075866699,0.021759033203125,0.0030078887939453125,0.0007634162902832031
tablet,0.0019288063049316406,0.012347936630249023,0.05984210968017578,0.02312946319580078,0.003083467483520508,0.0006320476531982422
tablet,0.002198457717895508,0.013132572174072266,0.11728954315185547,0.022051334381103516,0.003009319305419922,0.0008924007415771484
tablet,0.0023119449615478516,0.0128326416015625,0.06768608093261719,0.02216649055480957,0.003072500228881836,0.0008544921875
tablet,0.0018465518951416016,0.012101888656616211,0.055010318756103516,0.021921634674072266,0.0029218196868896484,0.0006127357482910156
tablet,0.0019354820251464844,0.012723207473754883,0.05971169471740723,0.02268815040588379,0.0030455589294433594,0.0007145404815673828
tablet,0.001951456069946289,0.012232780456542969,0.05737948417663574,0.021831274032592773,0.0029039382934570312,0.0006082057952880859
tablet,0.001989126205444336,0.012270689010620117,0.10786890983581543,0.021761417388916016,0.0031175613403320312,0.0007698535919189453
tablet,0.0018703937530517578,0.012005805969238281,0.0649101734161377,0.022496938705444336,0.003114938735961914,0.0006473064422607422
tablet,0.0018715858459472656,0.01315617561340332,0.060866355895996094,0.022675514221191406,0.003124237060546875,0.0006735324859619141
tablet,0.001980304718017578,0.012832880020141602,0.057825326919555664,0.021764516830444336,0.002918720245361328,0.0005939006805419922
tablet,0.0020728111267089844,0.013624191284179688,0.12300753593444824,0.022708654403686523,0.0030279159545898438,0.0006139278411865234
tablet,0.0018377304077148438,0.012638568878173828,0.06369471549987793,0.021164655685424805,0.0029075145721435547,0.0005490779876708984
tablet,0.0018863677978515625,0.01230764389038086,0.056023597717285156,0.022238492965698242,0.0030906200408935547,0.0007042884826660156
tablet,0.0018603801727294922,0.01243734359741211,0.058399200439453125,0.021789073944091797,0.002925872802734375,0.0005843639373779297
tablet,0.002046823501586914,0.013389825820922852,0.05584883689880371,0.02158641815185547,0.003075122833251953,0.0006818771362304688
tablet,0.0020551681518554688,0.012560367584228516,0.10848259925842285,0.022098541259765625,0.0030074119567871094,0.0006358623504638672
tablet,0.0018815994262695312,0.012823343276977539,0.05495333671569824,0.02220940589904785,0.003141641616821289,0.0005958080291748047
tablet,0.001976490020751953,0.012380838394165039,0.061141014099121094,0.022451400756835938,0.0031900405883789062,0.00067138671875
tablet,0.0023145675659179688,0.013434886932373047,0.060541629791259766,0.0222318172454834,0.003071308135986328,0.00061798095703125
tablet,0.001851797103881836,0.012601852416992188,0.10598635673522949,0.02190423011779785,0.003016948699951172,0.0006284713745117188
tablet,0.0018918514251708984,0.01482701301574707,0.057848215103149414,0.02248835563659668,0.0030803680419921875,0.0006134510040283203
tablet,0.0018575191497802734,0.012905120849609375,0.054444074630737305,0.021122217178344727,0.002862215042114258,0.001035928726196289
tablet,0.0018970966339111328,0.012166738510131836,0.053633689880371094,0.021511316299438477,0.002872943878173828,0.0006117820739746094
tablet,0.001905202865600586,0.012425422668457031,0.11116766929626465,0.0215456485748291,0.002961397171020508,0.0006020069122314453
tablet,0.0018393993377685547,0.013717412948608398,0.05765366554260254,0.021364688873291016,0.002918720245361328,0.0005698204040527344
tablet,0.0018868446350097656,0.012447834014892578,0.060509681701660156,0.021895885467529297,0.002919912338256836,0.0005896091461181641
tablet,0.0023081302642822266,0.012163639068603516,0.05675220489501953,0.022153139114379883,0.0031023025512695312,0.0006475448608398438
tablet,0.0024335384368896484,0.013467550277709961,0.11990165710449219,0.022573232650756836,0.003116607666015625,0.000797271728515625
tablet,0.0021758079528808594,0.01330876350402832,0.06295990943908691,0.022106647491455078,0.0029332637786865234,0.0006291866302490234
tablet,0.0020110607147216797,0.012916326522827148,0.05919051170349121,0.021986007690429688,0.002909421920776367,0.0006077289581298828
tablet,0.0020151138305664062,0.013526678085327148,0.05982661247253418,0.022011518478393555,0.002983570098876953,0.0006315708160400391
tablet,0.0019686222076416016,0.012562751770019531,0.058509111404418945,0.021816492080688477,0.002896547317504883,0.0005941390991210938
tablet,0.0020978450775146484,0.012500524520874023,0.11321806907653809,0.021843910217285156,0.002917766571044922,0.0006554126739501953
tablet,0.0018723011016845703,0.012343883514404297,0.055615901947021484,0.022322654724121094,0.0030143260955810547,0.0006203651428222656
tablet,0.0019047260284423828,0.013907432556152344,0.06853604316711426,0.022194385528564453,0.0030508041381835938,0.0006282329559326172
tablet,0.0021305084228515625,0.01265573501586914,0.05789995193481445,0.022228240966796875,0.0030007362365722656,0.0006978511810302734
tablet,0.0018787384033203125,0.013292312622070312,0.12036561965942383,0.022768735885620117,0.0030355453491210938,0.0010328292846679688
tablet,0.0021800994873046875,0.012874841690063477,0.054443359375,0.022233247756958008,0.0030639171600341797,0.0006155967712402344
tablet,0.0019693374633789062,0.012689352035522461,0.06049656867980957,0.022361278533935547,0.0031108856201171875,0.0006303787231445312
tablet,0.0019559860229492188,0.012163877487182617,0.054964542388916016,0.022355318069458008,0.003062725067138672,0.0006015300750732422
tablet,0.0018928050994873047,0.012665987014770508,0.1071784496307373,0.021914243698120117,0.0029730796813964844,0.0007088184356689453
tablet,0.0019066333770751953,0.012431144714355469,0.054793357849121094,0.0210726261138916,0.002927541732788086,0.0012514591217041016
tablet,0.001998424530029297,0.012364625930786133,0.05643653869628906,0.02161431312561035,0.0029337406158447266,0.0006103515625
tablet,0.001832723617553711,0.012482404708862305,0.05947446823120117,0.021319866180419922,0.0029172897338867188,0.0005738735198974609
tablet,0.0021004676818847656,0.01246023178100586,0.057254791259765625,0.022136449813842773,0.0030524730682373047,0.0006318092346191406
tablet,0.0017926692962646484,0.01248025894165039,0.11512947082519531,0.02110600471496582,0.0028886795043945312,0.0005936622619628906
tablet,0.0018868446350097656,0.013351917266845703,0.05872631072998047,0.02192974090576172,0.002962350845336914,0.0006282329559326172
tablet,0.001890420913696289,0.012526512145996094,0.059996843338012695,0.02232050895690918,0.0028228759765625,0.0007948875427246094
tablet,0.0020983219146728516,0.013473987579345703,0.06194591522216797,0.02222752571105957,0.0029096603393554688,0.0005841255187988281
tablet,0.0018253326416015625,0.012814521789550781,0.10847687721252441,0.02165818214416504,0.002956390380859375,0.0006170272827148438
tablet,0.0020804405212402344,0.01469874382019043,0.055182695388793945,0.022884130477905273,0.0029201507568359375,0.0007109642028808594
tablet,0.0018532276153564453,0.012270450592041016,0.05314946174621582,0.02237224578857422,0.00290679931640625,0.0005919933319091797
tablet,0.002330303192138672,0.012653827667236328,0.05352663993835449,0.02161121368408203,0.002999544143676758,0.0005955696105957031
tablet,0.0019526481628417969,0.012436389923095703,0.0588526725769043,0.021053552627563477,0.002935647964477539,0.000583648681640625
tablet,0.0019030570983886719,0.01235342025756836,0.1256575584411621,0.022166967391967773,0.0029883384704589844,0.0006542205810546875
tablet,0.0019164085388183594,0.012687206268310547,0.05554318428039551,0.0218660831451416,0.002959728240966797,0.001186370849609375
tablet,0.0020220279693603516,0.013043642044067383,0.053751468658447266,0.0210263729095459,0.002919912338256836,0.0009644031524658203
tablet,0.0019114017486572266,0.012770891189575195,0.05809140205383301,0.022125959396362305,0.0030667781829833984,0.0006825923919677734
tablet,0.002218484878540039,0.012387990951538086,0.11698269844055176,0.02153158187866211,0.0029010772705078125,0.001367330551147461
tablet,0.0020334720611572266,0.012546539306640625,0.058545589447021484,0.022133827209472656,0.0030760765075683594,0.0013430118560791016
tablet,0.0018970966339111328,0.01279759407043457,0.05698895454406738,0.02224874496459961,0.0030808448791503906,0.0006601810455322266
tablet,0.0017838478088378906,0.012129545211791992,0.05431008338928223,0.02110147476196289,0.002874135971069336,0.0011143684387207031
tablet,0.0017781257629394531,0.012164592742919922,0.10681891441345215,0.02178502082824707,0.0030333995819091797,0.0005953311920166016
tablet,0.001842498779296875,0.012061834335327148,0.0541534423828125,0.02193450927734375,0.0030164718627929688,0.0006325244903564453
tablet,0.001953601837158203,0.01212167739868164,0.054462432861328125,0.02216506004333496,0.0029621124267578125,0.0009074211120605469
tablet,0.0018875598907470703,0.012247323989868164,0.05531001091003418,0.021710872650146484,0.0029397010803222656,0.0006117820739746094
tablet,0.0018811225891113281,0.012112617492675781,0.10805749893188477,0.021790027618408203,0.0029413700103759766,0.0006129741668701172
tablet,0.0018768310546875,0.012093067169189453,0.0545961856842041,0.021660327911376953,0.002910614013671875,0.0006272792816162109
tablet,0.0018925666809082031,0.012158393859863281,0.05607342720031738,0.02147221565246582,0.002992868423461914,0.0005848407745361328
tablet,0.0018723011016845703,0.012113809585571289,0.05408072471618652,0.021776914596557617,0.0028874874114990234,0.0008473396301269531
tablet,0.0018737316131591797,0.012109518051147461,0.055071353912353516,0.02159738540649414,0.002830028533935547,0.0005366802215576172
tablet,0.001901388168334961,0.012248754501342773,0.1078481674194336,0.021984338760375977,0.002904176712036133,0.0006105899810791016
tablet,0.0019276142120361328,0.012195587158203125,0.05753803253173828,0.02232527732849121,0.0029456615447998047,0.0006089210510253906
tablet,0.001894235610961914,0.012205839157104492,0.055883169174194336,0.021329402923583984,0.0028505325317382812,0.0005676746368408203
tablet,0.0019989013671875,0.012231111526489258,0.05577969551086426,0.021314144134521484,0.0028514862060546875,0.0005486011505126953
tablet,0.0019001960754394531,0.012143373489379883,0.10619759559631348,0.021550655364990234,0.0030066967010498047,0.001005411148071289
tablet,0.0019366741180419922,0.012323617935180664,0.05469799041748047,0.021598100662231445,0.002852916717529297,0.0005660057067871094
tablet,0.0019147396087646484,0.012245416641235352,0.05713915824890137,0.021408557891845703,0.002895355224609375,0.0006344318389892578
tablet,0.0020525455474853516,0.01224207878112793,0.05470919609069824,0.021518945693969727,0.002851247787475586,0.0005729198455810547
tablet,0.0019345283508300781,0.012412071228027344,0.10801243782043457,0.02229905128479004,0.002959012985229492,0.0007417201995849609
tablet,0.001953601837158203,0.012591361999511719,0.0588383674621582,0.021384716033935547,0.002899169921875,0.0005764961242675781
tablet,0.0019762516021728516,0.012486457824707031,0.053668975830078125,0.021456480026245117,0.0028073787689208984,0.0006008148193359375
tablet,0.001848459243774414,0.012560129165649414,0.05478334426879883,0.021777629852294922,0.0028612613677978516,0.0005776882171630859
tablet,0.002003908157348633,0.012843608856201172,0.05791449546813965,0.02122783660888672,0.002895355224609375,0.0005733966827392578
tablet,0.0018856525421142578,0.012213706970214844,0.10627937316894531,0.02129507064819336,0.002851247787475586,0.00058746337890625
tablet,0.0018830299377441406,0.012113571166992188,0.052867889404296875,0.021463871002197266,0.0028524398803710938,0.0011217594146728516
tablet,0.0018842220306396484,0.012131452560424805,0.053320884704589844,0.02163386344909668,0.0028498172760009766,0.0005600452423095703
tablet,0.0018813610076904297,0.012133121490478516,0.05615806579589844,0.021892070770263672,0.002851724624633789,0.0005829334259033203
tablet,0.0022687911987304688,0.012213945388793945,0.1054530143737793,0.021410703659057617,0.0028624534606933594,0.0006036758422851562
tablet,0.0018815994262695312,0.012099027633666992,0.0529780387878418,0.021693944931030273,0.0028519630432128906,0.0005872249603271484
tablet,0.00189971923828125,0.012141704559326172,0.05310225486755371,0.021484851837158203,0.0028450489044189453,0.0005810260772705078
tablet,0.0019023418426513672,0.012156248092651367,0.0527341365814209,0.021411657333374023,0.0028543472290039062,0.0005662441253662109
tablet,0.0018703937530517578,0.012056827545166016,0.05269932746887207,0.02165961265563965,0.0028324127197265625,0.000560760498046875
tablet,0.0019006729125976562,0.012140750885009766,0.10753297805786133,0.021368741989135742,0.002837657928466797,0.0005753040313720703
tablet,0.0019757747650146484,0.012518167495727539,0.0541844367980957,0.021437644958496094,0.002835512161254883,0.0005893707275390625
tablet,0.002034902572631836,0.012161970138549805,0.052298545837402344,0.021599292755126953,0.0028417110443115234,0.0005676746368408203
tablet,0.0018737316131591797,0.012138843536376953,0.05274844169616699,0.0217282772064209,0.0028536319732666016,0.0005645751953125
tablet,0.001890420913696289,0.012130975723266602,0.10811018943786621,0.021552324295043945,0.002859354019165039,0.0013074874877929688
tablet,0.0018818378448486328,0.012161016464233398,0.05838155746459961,0.02147054672241211,0.0028667449951171875,0.0006680488586425781
tablet,0.0019402503967285156,0.01569843292236328,0.07218575477600098,0.030268192291259766,0.004072904586791992,0.0007467269897460938
tablet,0.0026693344116210938,0.017265796661376953,0.07308220863342285,0.03028106689453125,0.0040683746337890625,0.0007624626159667969
tablet,0.0026383399963378906,0.017215967178344727,0.1333296298980713,0.03133082389831543,0.004183769226074219,0.0008215904235839844
tablet,0.0027294158935546875,0.01802659034729004,0.07653045654296875,0.031247377395629883,0.004164695739746094,0.0007929801940917969
tablet,0.002645730972290039,0.017244815826416016,0.07283473014831543,0.03031778335571289,0.00406193733215332,0.0007762908935546875
tablet,0.002305269241333008,0.013909101486206055,0.06161355972290039,0.024062156677246094,0.0032253265380859375,0.0009546279907226562
tablet,0.0021185874938964844,0.013704538345336914,0.11488151550292969,0.024153947830200195,0.0032470226287841797,0.000980377197265625
tablet,0.002126455307006836,0.013700723648071289,0.06388354301452637,0.024983644485473633,0.003336191177368164,0.00064849853515625
tablet,0.0022203922271728516,0.01410531997680664,0.06086540222167969,0.024171829223632812,0.003259420394897461,0.0011827945709228516
tablet,0.0021240711212158203,0.01371622085571289,0.05838370323181152,0.024192094802856445,0.0032563209533691406,0.0006418228149414062
tablet,0.0021741390228271484,0.01375436782836914,0.0599210262298584,0.024273157119750977,0.0032644271850585938,0.0006611347198486328
tablet,0.0022416114807128906,0.013860702514648438,0.11543607711791992,0.024100542068481445,0.0032694339752197266,0.0006556510925292969
tablet,0.0021080970764160156,0.013745546340942383,0.05907154083251953,0.024202585220336914,0.0032732486724853516,0.0010170936584472656
tablet,0.002105712890625,0.014033794403076172,0.05916023254394531,0.024114370346069336,0.003280162811279297,0.0006430149078369141
tablet,0.002107381820678711,0.013674259185791016,0.061330318450927734,0.024047136306762695,0.003245830535888672,0.0006649494171142578
tablet,0.0021610260009765625,0.013777494430541992,0.1203768253326416,0.024831295013427734,0.003322601318359375,0.0006704330444335938
tablet,0.0021767616271972656,0.01408839225769043,0.059433937072753906,0.024017810821533203,0.0032320022583007812,0.0006666183471679688
tablet,0.0020918846130371094,0.013743162155151367,0.05895543098449707,0.024150609970092773,0.003218412399291992,0.0006508827209472656
tablet,0.002213716506958008,0.013673543930053711,0.058693647384643555,0.024196147918701172,0.0032906532287597656,0.0015823841094970703
tablet,0.002169370651245117,0.013754844665527344,0.11296439170837402,0.024263858795166016,0.003279447555541992,0.0006520748138427734
tablet,0.0021734237670898438,0.013833045959472656,0.05879640579223633,0.024116992950439453,0.0032520294189453125,0.0012404918670654297
tablet,0.0021164417266845703,0.013750791549682617,0.05941057205200195,0.024146556854248047,0.003232717514038086,0.0006110668182373047
tablet,0.002120494842529297,0.013997793197631836,0.058789968490600586,0.02409648895263672,0.003233671188354492,0.0006325244903564453
tablet,0.002106189727783203,0.014056205749511719,0.0589752197265625,0.024852275848388672,0.003225088119506836,0.0006470680236816406
tablet,0.0021996498107910156,0.013795852661132812,0.1151270866394043,0.024677038192749023,0.003229856491088867,0.0006458759307861328
tablet,0.0021076202392578125,0.013736248016357422,0.06178402900695801,0.024003982543945312,0.0032079219818115234,0.0006227493286132812
tablet,0.0021142959594726562,0.013698577880859375,0.05832076072692871,0.024012327194213867,0.0032036304473876953,0.0006229877471923828
tablet,0.0020978450775146484,0.013659238815307617,0.05869102478027344,0.024599313735961914,0.003277301788330078,0.0006468296051025391
tablet,0.002173185348510742,0.01366877555847168,0.13141131401062012,0.023923873901367188,0.003198862075805664,0.0006232261657714844
tablet,0.0022041797637939453,0.014182329177856445,0.06031322479248047,0.024094343185424805,0.0032045841217041016,0.0006439685821533203
tablet,0.0021092891693115234,0.01367044448852539,0.05802273750305176,0.024142980575561523,0.0032265186309814453,0.0006260871887207031
tablet,0.0021085739135742188,0.013694286346435547,0.05749654769897461,0.024066448211669922,0.003233671188354492,0.0006160736083984375
tablet,0.0021255016326904297,0.013705968856811523,0.06068921089172363,0.024150848388671875,0.0032341480255126953,0.0006434917449951172
tablet,0.0021278858184814453,0.013684749603271484,0.11743617057800293,0.024250030517578125,0.0033462047576904297,0.0009369850158691406
tablet,0.0021026134490966797,0.013844728469848633,0.06104469299316406,0.024173974990844727,0.00323486328125,0.0006287097930908203
tablet,0.0021207332611083984,0.013813018798828125,0.06252121925354004,0.024147510528564453,0.0033562183380126953,0.0006663799285888672
tablet,0.0021102428436279297,0.013715267181396484,0.059151649475097656,0.024130821228027344,0.003228902816772461,0.001222372055053711
tablet,0.0021181106567382812,0.013757467269897461,0.12156414985656738,0.025044918060302734,0.0033216476440429688,0.0007190704345703125
tablet,0.002095937728881836,0.01361536979675293,0.06282949447631836,0.023861408233642578,0.0031392574310302734,0.0006639957427978516
tablet,0.002037525177001953,0.013509035110473633,0.06217074394226074,0.023750782012939453,0.003120899200439453,0.0006363391876220703
tablet,0.0020487308502197266,0.013592004776000977,0.06004738807678223,0.024381160736083984,0.0031998157501220703,0.0006742477416992188
tablet,0.0021486282348632812,0.013782024383544922,0.12378239631652832,0.02407383918762207,0.0033960342407226562,0.0006372928619384766
tablet,0.0020444393157958984,0.013427734375,0.061165571212768555,0.02383899688720703,0.003126859664916992,0.0006120204925537109
tablet,0.0021021366119384766,0.014072656631469727,0.061431884765625,0.024528026580810547,0.003419637680053711,0.0008499622344970703
tablet,0.0020689964294433594,0.013647794723510742,0.06158876419067383,0.023850202560424805,0.003167867660522461,0.0006020069122314453
tablet,0.0021698474884033203,0.013740062713623047,0.11450934410095215,0.023973703384399414,0.003309965133666992,0.0007510185241699219
tablet,0.002092123031616211,0.013709783554077148,0.06661224365234375,0.024840116500854492,0.0033440589904785156,0.0006799697875976562
tablet,0.0020990371704101562,0.013756752014160156,0.060904741287231445,0.02395772933959961,0.003207683563232422,0.0006313323974609375
tablet,0.0020780563354492188,0.01353764533996582,0.06025099754333496,0.024509906768798828,0.003157377243041992,0.0006265640258789062
tablet,0.00212860107421875,0.01379847526550293,0.10422396659851074,0.0254671573638916,0.0031881332397460938,0.0006716251373291016
tablet,0.0020952224731445312,0.013516902923583984,0.11327600479125977,0.02366185188293457,0.003271818161010742,0.0007979869842529297
tablet,0.0020568370819091797,0.013481616973876953,0.06153988838195801,0.023675203323364258,0.0031294822692871094,0.0006129741668701172
tablet,0.002056121826171875,0.01347494125366211,0.061217546463012695,0.023600339889526367,0.0031299591064453125,0.0006046295166015625
tablet,0.0020890235900878906,0.013603448867797852,0.06463766098022461,0.023749113082885742,0.0031747817993164062,0.0006380081176757812
tablet,0.0020792484283447266,0.013536691665649414,0.11349153518676758,0.02379155158996582,0.003261089324951172,0.0007300376892089844
tablet,0.0020689964294433594,0.013496875762939453,0.060053348541259766,0.02370929718017578,0.003150463104248047,0.0006253719329833984
